-- --------------------------------------------------------
-- Host:                         127.0.0.1
-- Server version:               8.0.31 - MySQL Community Server - GPL
-- Server OS:                    Win64
-- HeidiSQL Version:             12.8.0.6908
-- --------------------------------------------------------

/*!40101 SET @OLD_CHARACTER_SET_CLIENT=@@CHARACTER_SET_CLIENT */;
/*!40101 SET NAMES utf8 */;
/*!50503 SET NAMES utf8mb4 */;
/*!40103 SET @OLD_TIME_ZONE=@@TIME_ZONE */;
/*!40103 SET TIME_ZONE='+00:00' */;
/*!40014 SET @OLD_FOREIGN_KEY_CHECKS=@@FOREIGN_KEY_CHECKS, FOREIGN_KEY_CHECKS=0 */;
/*!40101 SET @OLD_SQL_MODE=@@SQL_MODE, SQL_MODE='NO_AUTO_VALUE_ON_ZERO' */;
/*!40111 SET @OLD_SQL_NOTES=@@SQL_NOTES, SQL_NOTES=0 */;

-- Dumping data for table absen.absenkeluar: ~9 rows (approximately)
DELETE FROM `absenkeluar`;
INSERT INTO `absenkeluar` (`id`, `latitude`, `longtitude`, `createdAt`, `lokasi_absen`, `type_absen`, `foto`, `idUser`, `updatedAt`) VALUES
	(1, 'string', 'string', '2025-06-24 07:36:50', 'string', 'string', 'absen/1750750610378-878556867.jpeg', 30, '2025-06-24'),
	(2, '37.4219983', '-122.084', '2025-06-30 06:17:02', 'DINA LUAR KANTOR', 'LAPANGAN', 'absen/1751264222014-411514007.jpg', 30, '2025-06-30'),
	(3, '37.4219983', '-122.084', '2025-06-30 07:02:48', 'DINA LUAR KANTOR', 'LAPANGAN', 'absen/1751266968535-249716784.jpg', 30, '2025-06-30'),
	(4, '37.4219983', '-122.084', '2025-07-01 03:02:34', 'DINAS LUAR KANTOR', 'LAPANGAN', 'absen/1751338954714-484203334.jpg', 30, '2025-07-01'),
	(5, '37.4219983', '-122.084', '2025-07-02 03:28:37', 'DINAS LUAR KANTOR', 'LAPANGAN', 'absen/1751426917224-762912480.jpg', 30, '2025-07-02'),
	(6, '37.4219983', '-122.084', '2025-07-02 03:29:00', 'DINAS LUAR KANTOR', 'LAPANGAN', 'absen/1751426940882-851933879.jpg', 30, '2025-07-02'),
	(7, '37.4219983', '-122.084', '2025-07-02 07:25:00', 'DINAS LUAR KANTOR', 'LAPANGAN', 'absen/1751441100231-817180017.jpg', 30, '2025-07-02'),
	(8, '37.4219983', '-122.084', '2025-07-02 07:25:46', 'DINAS LUAR KANTOR', 'LAPANGAN', 'absen/1751441146890-275982677.jpg', 30, '2025-07-02'),
	(9, '37.4219983', '-122.084', '2025-07-02 14:31:29', 'DINAS LUAR KANTOR', 'LAPANGAN', 'absen/1751441489880-997229618.jpg', 30, '2025-07-02');

-- Dumping data for table absen.absenmasuk: ~6 rows (approximately)
DELETE FROM `absenmasuk`;
INSERT INTO `absenmasuk` (`id`, `latitude`, `longtitude`, `createdAt`, `lokasi_absen`, `type_absen`, `foto`, `idUser`, `updatedAt`) VALUES
	(1, '37.4219983', '-122.084', '2025-06-30 04:57:50', 'DINA LUAR KANTOR', 'LAPANGAN', 'absen/1751259470159-764959371.jpg', 30, '2025-06-30'),
	(2, '37.4219983', '-122.084', '2025-06-30 06:16:32', 'DINA LUAR KANTOR', 'LAPANGAN', 'absen/1751264192127-104082960.jpg', 30, '2025-06-30'),
	(3, '37.4219983', '-122.084', '2025-06-30 07:02:29', 'DINA LUAR KANTOR', 'LAPANGAN', 'absen/1751266949785-376318106.jpg', 30, '2025-06-30'),
	(4, '37.4219983', '-122.084', '2025-07-01 03:01:55', 'DINA LUAR KANTOR', 'LAPANGAN', 'absen/1751338915795-689653422.jpg', 30, '2025-07-01'),
	(5, '37.4219983', '-122.084', '2025-07-01 03:39:01', 'DINA LUAR KANTOR', 'LAPANGAN', 'absen/1751341141400-759473115.jpg', 30, '2025-07-01'),
	(6, '37.4219983', '-122.084', '2025-07-02 03:28:25', 'DINA LUAR KANTOR', 'LAPANGAN', 'absen/1751426905375-258982218.jpg', 30, '2025-07-02');

-- Dumping data for table absen.bangunan: ~180 rows (approximately)
DELETE FROM `bangunan`;
INSERT INTO `bangunan` (`id_bangunan`, `nama_bangunan`, `id_daerah`) VALUES
	(1, 'WADUK SIMAN', 1),
	(2, 'PRIMER LEMURUNG', 1),
	(3, 'DAM DAMARWULAN', 1),
	(4, 'DAM KACANGAN', 1),
	(5, 'SUPLESI GREMENG', 1),
	(6, 'DAM PANDEAN', 1),
	(7, 'DAM PAYAK 1', 1),
	(8, 'DAM PAYAK 2', 1),
	(9, 'DAM MLATEN', 1),
	(10, 'SS. MLATEN', 1),
	(11, 'SS. SEDATI', 1),
	(12, 'DAM GODONG', 1),
	(13, 'SS. GODONG', 1),
	(14, 'INDUK KONTO SURABAYA', 1),
	(15, 'DAM BODO', 1),
	(16, 'SS. BODO', 1),
	(17, 'DAM REJOSARI', 1),
	(18, 'INDUK REJOAGUNG', 1),
	(19, 'SS. REJOAGUNG I', 1),
	(20, 'SS. REJOAGUNG II', 1),
	(21, 'SS. REJOAGUNG III', 1),
	(22, 'SS. REJOAGUNG IV', 1),
	(23, 'SS. REJOAGUNG IV-A', 1),
	(24, 'SS. REJOAGUNG IV-B', 1),
	(25, 'DAM CANGAKAN', 1),
	(26, 'SS. CANGAKAN', 1),
	(27, 'INDUK KONTO SURABAYA', 1),
	(28, 'DAM BANYUARANG', 1),
	(29, 'SS. BANYUARANG I', 1),
	(30, 'SS. BANYUARANG II', 1),
	(31, 'DAM SUMBER AGUNG', 1),
	(32, 'SS. SUMBER AGUNG', 1),
	(33, 'SS. CANGKRING MALANG', 1),
	(34, 'DAM GAMONGAN', 1),
	(35, 'SS. GAMONGAN I', 1),
	(36, 'SS. GAMONGAN II', 1),
	(37, 'DAM GUDE', 1),
	(38, 'SS. GUDE', 1),
	(39, 'SS. JAPANAN', 1),
	(40, 'SS. KERAS', 1),
	(41, 'SS. SPANYUL', 1),
	(42, 'SS. PESANGGRAHAN', 1),
	(43, 'SS. WENGKAL', 1),
	(44, 'SS. PILANG', 1),
	(45, 'SS. GEMPOL LEGUNDI', 1),
	(46, 'DAM COKENONGO', 1),
	(47, 'KALI JOMBANG KULON', 1),
	(48, 'DAM PANCASILA', 1),
	(49, 'KALI JOMBANG WETAN', 1),
	(50, 'DAM KAPAS', 1),
	(51, 'DAM JUWET', 1),
	(52, 'SS. KAPAS', 1),
	(53, 'SS. GUDE PLOSO', 1),
	(54, 'SS. DENANYAR BANJARDOWO', 1),
	(55, 'SS. GUDE DENANYAR', 1),
	(56, 'INDUK MENGANTO', 1),
	(57, 'DAM CATAK GAYAM', 1),
	(58, 'DAM PULOREJO', 1),
	(59, 'DAM JETIS', 1),
	(60, 'SS. PULOREJO I', 1),
	(61, 'SS. PULOREJO II', 1),
	(62, 'SS. GAMBIRAN', 1),
	(63, 'SS. PENAMPAN', 1),
	(64, 'SS. TEJOWETAN', 1),
	(65, 'SS. NGEPUNG', 1),
	(66, 'SS. TEJOKULON', 1),
	(67, 'SS. TEJOKULON I', 1),
	(68, 'SS. TEJOKULON II', 1),
	(69, 'SS. MENGANTO', 1),
	(70, 'SS. CARUBAN', 1),
	(71, 'BENDUNG GERAK TULUNGAGUNG', 2),
	(72, 'DAM KENCONG', 2),
	(73, 'BANGUNAN BAGI SEMEN', 2),
	(74, 'DAM PESANTREN', 2),
	(75, 'SS. KANDAT', 2),
	(76, 'DAM NGADILUWIH', 2),
	(77, 'INTAKE BRANTAS KEDIRI', 2),
	(78, 'DAM WATES', 2),
	(79, 'SS. KUNJANG', 2),
	(80, 'DAM KEPUNG', 2),
	(81, 'BANGUNAN BAGI KALIWATES', 2),
	(82, 'DAM PLOSOKLATEN', 2),
	(83, 'SS. GAMPENG', 2),
	(84, 'DAM PARE', 2),
	(85, 'BANGUNAN PENGAMBILAN KRAS', 2),
	(86, 'SS. PLEMAHAN', 2),
	(87, 'DAM TAROKAN', 2),
	(88, 'BANGUNAN BAGI NGADILUWIH', 2),
	(89, 'SS. PAGU', 2),
	(90, 'DAM GURAH', 2),
	(91, 'WADUK SIMAN', 1),
	(92, 'PRIMER LEMURUNG', 1),
	(93, 'DAM DAMARWULAN', 1),
	(94, 'DAM KACANGAN', 1),
	(95, 'SUPLESI GREMENG', 1),
	(96, 'DAM PANDEAN', 1),
	(97, 'DAM PAYAK 1', 1),
	(98, 'DAM PAYAK 2', 1),
	(99, 'DAM MLATEN', 1),
	(100, 'SS. MLATEN', 1),
	(101, 'SS. SEDATI', 1),
	(102, 'DAM GODONG', 1),
	(103, 'SS. GODONG', 1),
	(104, 'INDUK KONTO SURABAYA', 1),
	(105, 'DAM BODO', 1),
	(106, 'SS. BODO', 1),
	(107, 'DAM REJOSARI', 1),
	(108, 'INDUK REJOAGUNG', 1),
	(109, 'SS. REJOAGUNG I', 1),
	(110, 'SS. REJOAGUNG II', 1),
	(111, 'SS. REJOAGUNG III', 1),
	(112, 'SS. REJOAGUNG IV', 1),
	(113, 'SS. REJOAGUNG IV-A', 1),
	(114, 'SS. REJOAGUNG IV-B', 1),
	(115, 'DAM CANGAKAN', 1),
	(116, 'SS. CANGAKAN', 1),
	(117, 'INDUK KONTO SURABAYA', 1),
	(118, 'DAM BANYUARANG', 1),
	(119, 'SS. BANYUARANG I', 1),
	(120, 'SS. BANYUARANG II', 1),
	(121, 'DAM SUMBER AGUNG', 1),
	(122, 'SS. SUMBER AGUNG', 1),
	(123, 'SS. CANGKRING MALANG', 1),
	(124, 'DAM GAMONGAN', 1),
	(125, 'SS. GAMONGAN I', 1),
	(126, 'SS. GAMONGAN II', 1),
	(127, 'DAM GUDE', 1),
	(128, 'SS. GUDE', 1),
	(129, 'SS. JAPANAN', 1),
	(130, 'SS. KERAS', 1),
	(131, 'SS. SPANYUL', 1),
	(132, 'SS. PESANGGRAHAN', 1),
	(133, 'SS. WENGKAL', 1),
	(134, 'SS. PILANG', 1),
	(135, 'SS. GEMPOL LEGUNDI', 1),
	(136, 'DAM COKENONGO', 1),
	(137, 'KALI JOMBANG KULON', 1),
	(138, 'DAM PANCASILA', 1),
	(139, 'KALI JOMBANG WETAN', 1),
	(140, 'DAM KAPAS', 1),
	(141, 'DAM JUWET', 1),
	(142, 'SS. KAPAS', 1),
	(143, 'SS. GUDE PLOSO', 1),
	(144, 'SS. DENANYAR BANJARDOWO', 1),
	(145, 'SS. GUDE DENANYAR', 1),
	(146, 'INDUK MENGANTO', 1),
	(147, 'DAM CATAK GAYAM', 1),
	(148, 'DAM PULOREJO', 1),
	(149, 'DAM JETIS', 1),
	(150, 'SS. PULOREJO I', 1),
	(151, 'SS. PULOREJO II', 1),
	(152, 'SS. GAMBIRAN', 1),
	(153, 'SS. PENAMPAN', 1),
	(154, 'SS. TEJOWETAN', 1),
	(155, 'SS. NGEPUNG', 1),
	(156, 'SS. TEJOKULON', 1),
	(157, 'SS. TEJOKULON I', 1),
	(158, 'SS. TEJOKULON II', 1),
	(159, 'SS. MENGANTO', 1),
	(160, 'SS. CARUBAN', 1),
	(161, 'BENDUNG GERAK TULUNGAGUNG', 2),
	(162, 'DAM KENCONG', 2),
	(163, 'BANGUNAN BAGI SEMEN', 2),
	(164, 'DAM PESANTREN', 2),
	(165, 'SS. KANDAT', 2),
	(166, 'DAM NGADILUWIH', 2),
	(167, 'INTAKE BRANTAS KEDIRI', 2),
	(168, 'DAM WATES', 2),
	(169, 'SS. KUNJANG', 2),
	(170, 'DAM KEPUNG', 2),
	(171, 'BANGUNAN BAGI KALIWATES', 2),
	(172, 'DAM PLOSOKLATEN', 2),
	(173, 'SS. GAMPENG', 2),
	(174, 'DAM PARE', 2),
	(175, 'BANGUNAN PENGAMBILAN KRAS', 2),
	(176, 'SS. PLEMAHAN', 2),
	(177, 'DAM TAROKAN', 2),
	(178, 'BANGUNAN BAGI NGADILUWIH', 2),
	(179, 'SS. PAGU', 2),
	(180, 'DAM GURAH', 2);

-- Dumping data for table absen.daerah: ~2 rows (approximately)
DELETE FROM `daerah`;
INSERT INTO `daerah` (`id_daerah`, `nama_daerah`) VALUES
	(1, 'Jombang'),
	(2, 'Kediri');

-- Dumping data for table absen.nomenklatur: ~658 rows (approximately)
DELETE FROM `nomenklatur`;
INSERT INTO `nomenklatur` (`id_nomenklatur`, `kode`, `deskripsi`, `id_bangunan`) VALUES
	(1, 'B.SI.III.1', 'Bulung', 2),
	(2, 'B.SI.III.2', 'Rukem', 2),
	(3, 'B.SI.III.3', 'Soko', 2),
	(4, 'B.SI.III.4', 'Sepudak', 2),
	(5, 'B.KG.1', 'Sadap Jagalan', 5),
	(6, 'B.KG.2', 'Sadap Cangkringan', 5),
	(7, 'B.KG.3', 'Sadap Bioro', 5),
	(8, 'B.KS.1', NULL, 6),
	(9, 'B.KS.2', NULL, 7),
	(10, 'B.KS.3', NULL, 8),
	(11, 'B.KS.4', NULL, 9),
	(12, 'BB.ML', NULL, 10),
	(13, 'B.ML.1', NULL, 10),
	(14, 'B.ML.2', NULL, 10),
	(15, 'B.SD.1', NULL, 11),
	(16, 'B.SD.2', NULL, 11),
	(17, 'B.KS.6', NULL, 12),
	(18, 'B.GO.1', NULL, 13),
	(19, 'B.GO.2', NULL, 13),
	(20, 'B.GO.3', NULL, 13),
	(21, 'B.GO.4', NULL, 13),
	(22, 'B.GO.5', NULL, 13),
	(23, 'B.GO.6', NULL, 13),
	(24, 'B.GO.7', NULL, 13),
	(25, 'B.GO.8', NULL, 13),
	(26, 'B.GO.9', NULL, 13),
	(27, 'B.GO.10', NULL, 13),
	(28, 'B.GO.11', NULL, 13),
	(29, 'B.GO.12', NULL, 13),
	(30, 'B.KS.7', NULL, 14),
	(31, 'B.KS.8', NULL, 15),
	(32, 'B.BD.1', NULL, 16),
	(33, 'B.BD.2', NULL, 16),
	(34, 'B.RA I.1a', NULL, 18),
	(35, 'B.RA II.1a', NULL, 18),
	(36, 'B.RA III.1a', NULL, 18),
	(37, 'B.RA IV.1a', NULL, 18),
	(38, 'B.RA.I.1', NULL, 19),
	(39, 'B.RA.I.2', NULL, 19),
	(40, 'B.RA.I.3', NULL, 19),
	(41, 'B.RA.I.4', NULL, 19),
	(42, 'B.RA.I.5', NULL, 19),
	(43, 'B.RA.I.6', NULL, 19),
	(44, 'B.RA.I.7', NULL, 19),
	(45, 'B.RA.I.8', NULL, 19),
	(46, 'B.RA.I.9', NULL, 19),
	(47, 'B.RA.I.10', NULL, 19),
	(48, 'B.RA.II.1', NULL, 20),
	(49, 'B.RA.II.2', NULL, 20),
	(50, 'B.RA.II.3', NULL, 20),
	(51, 'B.RA.II.4', NULL, 20),
	(52, 'B.RA.II.5', NULL, 20),
	(53, 'B.RA.II.6', NULL, 20),
	(54, 'B.RA.II.7', NULL, 20),
	(55, 'B.RA.II.8', NULL, 20),
	(56, 'B.RA.II.9', NULL, 20),
	(57, 'B.RA.II.10', NULL, 20),
	(58, 'B.RA.II.11', NULL, 20),
	(59, 'B.RA.II.11A', NULL, 20),
	(60, 'B.RA.II.12', NULL, 20),
	(61, 'B.RA.II.13', NULL, 20),
	(62, 'B.RA.II.14', NULL, 20),
	(63, 'B.RA.II.15', NULL, 20),
	(64, 'B.RA.III.1', NULL, 21),
	(65, 'B.RA.III.2', NULL, 21),
	(66, 'B.RA.III.3', NULL, 21),
	(67, 'B.RA.III.4', NULL, 21),
	(68, 'B.RA.III.5', NULL, 21),
	(69, 'B.RA.III.6', NULL, 21),
	(70, 'B.RA.III.7', NULL, 21),
	(71, 'B.RA.III.8', NULL, 21),
	(72, 'B.RA.III.9', NULL, 21),
	(73, 'B.RA.III.10', NULL, 21),
	(74, 'B.RA.IV.1', NULL, 22),
	(75, 'B.RA.IV.1A', NULL, 22),
	(76, 'B.RA.IV.2A', NULL, 22),
	(77, 'B.RA.IV.2', NULL, 22),
	(78, 'B.RA.IV.3', NULL, 22),
	(79, 'B.RA.IV.4', NULL, 22),
	(80, 'B.RA.IV.5', NULL, 22),
	(81, 'B.RA.IVA.1', NULL, 23),
	(82, 'B.RA.IVA.2', NULL, 23),
	(83, 'B.RA.IVA.3', NULL, 23),
	(84, 'B.RA.IVA.4', NULL, 23),
	(85, 'B.RA.IVA.5', NULL, 23),
	(86, 'B.RA.IVA.6', NULL, 23),
	(87, 'B.RA.IVA.7', NULL, 23),
	(88, 'B.RA.IVA.8', NULL, 23),
	(89, 'B.RA.IVA.9', NULL, 23),
	(90, 'B.RA.IVB.1', NULL, 24),
	(91, 'B.RA.IVB.1A', NULL, 24),
	(92, 'B.RA.IVB.2', NULL, 24),
	(93, 'B.RA.IVB.3', NULL, 24),
	(94, 'B.RA.IVB.4', NULL, 24),
	(95, 'B.RA.IVB.5', NULL, 24),
	(96, 'B.RA.IVB.6', NULL, 24),
	(97, 'B.RA.IVB.7', NULL, 24),
	(98, 'B.KS.9', NULL, 25),
	(99, 'B.CN.1', NULL, 26),
	(100, 'B.CN.2', NULL, 26),
	(101, 'B.CN.3', NULL, 26),
	(102, 'B.KS.10', NULL, 27),
	(103, 'B.KS.11', NULL, 28),
	(104, 'B.BN.1', NULL, 29),
	(105, 'B.BN.2', NULL, 29),
	(106, 'B.BN.3', NULL, 29),
	(107, 'B.BA.1', NULL, 30),
	(108, 'B.BA.2', NULL, 30),
	(109, 'B.BA.3', NULL, 30),
	(110, 'B.BA.4', NULL, 30),
	(111, 'B.BA.5', NULL, 30),
	(112, 'B.BA.6', NULL, 30),
	(113, 'B.BA.7', NULL, 30),
	(114, 'B.BA.8', NULL, 30),
	(115, 'B.BA.9', NULL, 30),
	(116, 'B.BA.10', NULL, 30),
	(117, 'B.BA.11', NULL, 30),
	(118, 'B.BA.12', NULL, 30),
	(119, 'B.BA.13', NULL, 30),
	(120, 'B.BA.14', NULL, 30),
	(121, 'B.KS.12', NULL, 31),
	(122, 'B.SA.1', NULL, 32),
	(123, 'B.SA.2', NULL, 32),
	(124, 'B.SA.3', NULL, 32),
	(125, 'B.SA.4', NULL, 32),
	(126, 'B.SA.5', NULL, 32),
	(127, 'B.SA.6', NULL, 32),
	(128, 'B.CM.1', NULL, 33),
	(129, 'B.CM.2', NULL, 33),
	(130, 'B.CM.3', NULL, 33),
	(131, 'B.KS.13', NULL, 34),
	(132, 'B.GM.1', NULL, 35),
	(133, 'B.GM.2', NULL, 35),
	(134, 'B.GM.3', NULL, 35),
	(135, 'B.GM.4', NULL, 35),
	(136, 'B.GM.5', NULL, 35),
	(137, 'B.GA.1', NULL, 36),
	(138, 'B.GA.2', NULL, 36),
	(139, 'B.KS.14', NULL, 37),
	(140, 'B.GE.1', NULL, 38),
	(141, 'B.GE.2', NULL, 38),
	(142, 'B.GE.3', NULL, 38),
	(143, 'B.GE.4', NULL, 38),
	(144, 'B.GE.5', NULL, 38),
	(145, 'B.GE.6', NULL, 38),
	(146, 'B.GE.7', NULL, 38),
	(147, 'B.GE.8', NULL, 38),
	(148, 'B.GE.9', NULL, 38),
	(149, 'B.GE.10', NULL, 38),
	(150, 'B.GE.11', NULL, 38),
	(151, 'B.JP.1', NULL, 39),
	(152, 'B.JP.2', NULL, 39),
	(153, 'B.JP.3', NULL, 39),
	(154, 'B.JP.4', NULL, 39),
	(155, 'B.JP.5', NULL, 39),
	(156, 'B.JP.6', NULL, 39),
	(157, 'B.KR.1', NULL, 40),
	(158, 'B.KR.2', NULL, 40),
	(159, 'B.KR.3', NULL, 40),
	(160, 'B.KR.4', NULL, 40),
	(161, 'B.KR.5', NULL, 40),
	(162, 'B.KR.6', NULL, 40),
	(163, 'B.SP.1', NULL, 41),
	(164, 'B.SP.2', NULL, 41),
	(165, 'B.SP.3', NULL, 41),
	(166, 'B.SP.4', NULL, 41),
	(167, 'B.PS.1', NULL, 42),
	(168, 'B.PS.2', NULL, 42),
	(169, 'B.WK.1', NULL, 43),
	(170, 'B.WK.2', NULL, 43),
	(171, 'B.WK.3', NULL, 43),
	(172, 'B.WK.4', NULL, 43),
	(173, 'B.WK.5', NULL, 43),
	(174, 'B.WK.6', NULL, 43),
	(175, 'B.WK.7', NULL, 43),
	(176, 'B.WK.8', NULL, 43),
	(177, 'B.WK.9', NULL, 43),
	(178, 'B.WK.10', NULL, 43),
	(179, 'B.WK.11', NULL, 43),
	(180, 'B.WK.12', NULL, 43),
	(181, 'B.WK.13', NULL, 43),
	(182, 'B.WK.14', NULL, 43),
	(183, 'B.WK.15', NULL, 43),
	(184, 'B.WK.16', NULL, 43),
	(185, 'B.WK.17', NULL, 43),
	(186, 'B.WK.18', NULL, 43),
	(187, 'B.WK.19', NULL, 43),
	(188, 'B.WK.20', NULL, 43),
	(189, 'B.WK.21', NULL, 43),
	(190, 'B.WK.22', NULL, 43),
	(191, 'B.PL.1', NULL, 44),
	(192, 'B.PL.2', NULL, 44),
	(193, 'B.PL.3', NULL, 44),
	(194, 'B.PL.4', NULL, 44),
	(195, 'B.PL.5', NULL, 44),
	(196, 'B.PL.6', NULL, 44),
	(197, 'B.PL.7', NULL, 44),
	(198, 'B.PL.8', NULL, 44),
	(199, 'B.GL.1', NULL, 45),
	(200, 'B.GL.2', NULL, 45),
	(201, 'B.GL.3', NULL, 45),
	(202, 'B.GL.4', NULL, 45),
	(203, 'B.GL.5', NULL, 45),
	(204, 'B.GL.6', NULL, 45),
	(205, 'DAM', NULL, 46),
	(206, 'B.JK.1', NULL, 47),
	(207, 'B.JK.2', NULL, 47),
	(208, 'B.JK.3', NULL, 47),
	(209, 'B.JK.4', NULL, 47),
	(210, 'B.JK.5', NULL, 47),
	(211, 'B.JW.1', NULL, 49),
	(212, 'B.JW.2', NULL, 49),
	(213, 'B.JW.3', NULL, 49),
	(214, 'B.KP.1', NULL, 52),
	(215, 'B.KP.2', NULL, 52),
	(216, 'B.KP.3', NULL, 52),
	(217, 'B.KP.4', NULL, 52),
	(218, 'B.KP.5', NULL, 52),
	(219, 'B.KP.6', NULL, 52),
	(220, 'B.KP.7', NULL, 52),
	(221, 'B.GP.1', NULL, 53),
	(222, 'B.GP.2', NULL, 53),
	(223, 'B.GP.3', NULL, 53),
	(224, 'B.DB.1', NULL, 54),
	(225, 'B.DB.2', NULL, 54),
	(226, 'B.DB.3', NULL, 54),
	(227, 'B.DB.5', NULL, 54),
	(228, 'B.DB.6', NULL, 54),
	(229, 'B.GD.1', NULL, 55),
	(230, 'B.GD.2', NULL, 55),
	(231, 'B.GD.3', NULL, 55),
	(232, 'B.GD.4', NULL, 55),
	(233, 'B.GD.5', NULL, 55),
	(234, 'B.GD.6', NULL, 55),
	(235, 'B.GD.7', NULL, 55),
	(236, 'B.GD.8', NULL, 55),
	(237, 'B.GD.9', NULL, 55),
	(238, 'B.GD.10', NULL, 55),
	(239, 'B.GD.11', NULL, 55),
	(240, 'B.IM.1', NULL, 56),
	(241, 'B.IM.2', NULL, 56),
	(242, 'Catakgayam Ki', NULL, 57),
	(243, 'B.P.1', NULL, 60),
	(244, 'B.PR.1', NULL, 61),
	(245, 'B.PR.2', NULL, 61),
	(246, 'B.PR.3', NULL, 61),
	(247, 'B.PR.4', NULL, 61),
	(248, 'B.PR.5', NULL, 61),
	(249, 'B.PR.6', NULL, 61),
	(250, 'B.PR.7', NULL, 61),
	(251, 'B.PR.8', NULL, 61),
	(252, 'B.PR.9', NULL, 61),
	(253, 'B.GB.1', NULL, 62),
	(254, 'B.GB.2', NULL, 62),
	(255, 'B.GB.3', NULL, 62),
	(256, 'B.GB.4', NULL, 62),
	(257, 'B.GB.5', NULL, 62),
	(258, 'B.GB.6', NULL, 62),
	(259, 'B.GB.7', NULL, 62),
	(260, 'B.GB.8', NULL, 62),
	(261, 'B.PN.1', NULL, 64),
	(262, 'B.PN.2', NULL, 64),
	(263, 'B.PN.3', NULL, 64),
	(264, 'B.PN.4', NULL, 64),
	(265, 'B.TW.1', NULL, 65),
	(266, 'B.TW.2', NULL, 65),
	(267, 'B.TW.3', NULL, 65),
	(268, 'B.TW.4', NULL, 65),
	(269, 'B.TW.5', NULL, 65),
	(270, 'B.TW.6', NULL, 65),
	(271, 'B.TW.7', NULL, 65),
	(272, 'B.NP.1', NULL, 66),
	(273, 'B.NP.2', NULL, 66),
	(274, 'B.NP.3', NULL, 66),
	(275, 'B.NP.4', NULL, 66),
	(276, 'B.NP.5', NULL, 66),
	(277, 'B.NP.6', NULL, 66),
	(278, 'B.NP.7', NULL, 66),
	(279, 'B.NP.8', NULL, 66),
	(280, 'B.NP.9', NULL, 66),
	(281, 'B.NP.10', NULL, 66),
	(282, 'B.NP.11', NULL, 66),
	(283, 'B.NP.12', NULL, 66),
	(284, 'B.TK.1', NULL, 67),
	(285, 'B.TK.2', NULL, 67),
	(286, 'B.TK.I.1', NULL, 68),
	(287, 'B.TK.I.2', NULL, 68),
	(288, 'B.TK.I.3', NULL, 68),
	(289, 'B.TK.I.5', NULL, 68),
	(290, 'B.TK.I.6', NULL, 68),
	(291, 'B.TK.I.7', NULL, 68),
	(292, 'B.TK.I.8', NULL, 68),
	(293, 'B.TK.I.9', NULL, 68),
	(294, 'B.TK.I.10', NULL, 68),
	(295, 'B.TK.I.11', NULL, 68),
	(296, 'B.TK.II.1', NULL, 69),
	(297, 'B.TK.II.2', NULL, 69),
	(298, 'B.TK.II.3', NULL, 69),
	(299, 'B.TK.II.4', NULL, 69),
	(300, 'B.TK.II.5', NULL, 69),
	(301, 'B.TK.II.6', NULL, 69),
	(302, 'B.MT.1', NULL, 70),
	(303, 'B.MT.2', NULL, 70),
	(304, 'B.MT.3', NULL, 70),
	(305, 'B.CB', NULL, 71),
	(306, 'B.CB.1', NULL, 71),
	(307, 'B.CB.2', NULL, 71),
	(308, 'B.CB.3', NULL, 71),
	(309, 'B.CB.4', NULL, 71),
	(310, 'B.CB.5', NULL, 71),
	(311, 'B.CB.6', NULL, 71),
	(312, 'B.CB.7', NULL, 71),
	(313, 'B.CB.8', NULL, 71),
	(314, 'B.CB.9', NULL, 71),
	(315, 'B.CB.10', NULL, 71),
	(316, 'B.CB.11', NULL, 71),
	(343, 'B.SI.III.1', 'Bulung', 2),
	(344, 'B.SI.III.2', 'Rukem', 2),
	(345, 'B.SI.III.3', 'Soko', 2),
	(346, 'B.SI.III.4', 'Sepudak', 2),
	(347, 'B.KG.1', 'Sadap Jagalan', 5),
	(348, 'B.KG.2', 'Sadap Cangkringan', 5),
	(349, 'B.KG.3', 'Sadap Bioro', 5),
	(350, 'B.KS.1', NULL, 6),
	(351, 'B.KS.2', NULL, 7),
	(352, 'B.KS.3', NULL, 8),
	(353, 'B.KS.4', NULL, 9),
	(354, 'BB.ML', NULL, 10),
	(355, 'B.ML.1', NULL, 10),
	(356, 'B.ML.2', NULL, 10),
	(357, 'B.SD.1', NULL, 11),
	(358, 'B.SD.2', NULL, 11),
	(359, 'B.KS.6', NULL, 12),
	(360, 'B.GO.1', NULL, 13),
	(361, 'B.GO.2', NULL, 13),
	(362, 'B.GO.3', NULL, 13),
	(363, 'B.GO.4', NULL, 13),
	(364, 'B.GO.5', NULL, 13),
	(365, 'B.GO.6', NULL, 13),
	(366, 'B.GO.7', NULL, 13),
	(367, 'B.GO.8', NULL, 13),
	(368, 'B.GO.9', NULL, 13),
	(369, 'B.GO.10', NULL, 13),
	(370, 'B.GO.11', NULL, 13),
	(371, 'B.GO.12', NULL, 13),
	(372, 'B.KS.7', NULL, 14),
	(373, 'B.KS.8', NULL, 15),
	(374, 'B.BD.1', NULL, 16),
	(375, 'B.BD.2', NULL, 16),
	(376, 'B.RA I.1a', NULL, 18),
	(377, 'B.RA II.1a', NULL, 18),
	(378, 'B.RA III.1a', NULL, 18),
	(379, 'B.RA IV.1a', NULL, 18),
	(380, 'B.RA.I.1', NULL, 19),
	(381, 'B.RA.I.2', NULL, 19),
	(382, 'B.RA.I.3', NULL, 19),
	(383, 'B.RA.I.4', NULL, 19),
	(384, 'B.RA.I.5', NULL, 19),
	(385, 'B.RA.I.6', NULL, 19),
	(386, 'B.RA.I.7', NULL, 19),
	(387, 'B.RA.I.8', NULL, 19),
	(388, 'B.RA.I.9', NULL, 19),
	(389, 'B.RA.I.10', NULL, 19),
	(390, 'B.RA.II.1', NULL, 20),
	(391, 'B.RA.II.2', NULL, 20),
	(392, 'B.RA.II.3', NULL, 20),
	(393, 'B.RA.II.4', NULL, 20),
	(394, 'B.RA.II.5', NULL, 20),
	(395, 'B.RA.II.6', NULL, 20),
	(396, 'B.RA.II.7', NULL, 20),
	(397, 'B.RA.II.8', NULL, 20),
	(398, 'B.RA.II.9', NULL, 20),
	(399, 'B.RA.II.10', NULL, 20),
	(400, 'B.RA.II.11', NULL, 20),
	(401, 'B.RA.II.11A', NULL, 20),
	(402, 'B.RA.II.12', NULL, 20),
	(403, 'B.RA.II.13', NULL, 20),
	(404, 'B.RA.II.14', NULL, 20),
	(405, 'B.RA.II.15', NULL, 20),
	(406, 'B.RA.III.1', NULL, 21),
	(407, 'B.RA.III.2', NULL, 21),
	(408, 'B.RA.III.3', NULL, 21),
	(409, 'B.RA.III.4', NULL, 21),
	(410, 'B.RA.III.5', NULL, 21),
	(411, 'B.RA.III.6', NULL, 21),
	(412, 'B.RA.III.7', NULL, 21),
	(413, 'B.RA.III.8', NULL, 21),
	(414, 'B.RA.III.9', NULL, 21),
	(415, 'B.RA.III.10', NULL, 21),
	(416, 'B.RA.IV.1', NULL, 22),
	(417, 'B.RA.IV.1A', NULL, 22),
	(418, 'B.RA.IV.2A', NULL, 22),
	(419, 'B.RA.IV.2', NULL, 22),
	(420, 'B.RA.IV.3', NULL, 22),
	(421, 'B.RA.IV.4', NULL, 22),
	(422, 'B.RA.IV.5', NULL, 22),
	(423, 'B.RA.IVA.1', NULL, 23),
	(424, 'B.RA.IVA.2', NULL, 23),
	(425, 'B.RA.IVA.3', NULL, 23),
	(426, 'B.RA.IVA.4', NULL, 23),
	(427, 'B.RA.IVA.5', NULL, 23),
	(428, 'B.RA.IVA.6', NULL, 23),
	(429, 'B.RA.IVA.7', NULL, 23),
	(430, 'B.RA.IVA.8', NULL, 23),
	(431, 'B.RA.IVA.9', NULL, 23),
	(432, 'B.RA.IVB.1', NULL, 24),
	(433, 'B.RA.IVB.1A', NULL, 24),
	(434, 'B.RA.IVB.2', NULL, 24),
	(435, 'B.RA.IVB.3', NULL, 24),
	(436, 'B.RA.IVB.4', NULL, 24),
	(437, 'B.RA.IVB.5', NULL, 24),
	(438, 'B.RA.IVB.6', NULL, 24),
	(439, 'B.RA.IVB.7', NULL, 24),
	(440, 'B.KS.9', NULL, 25),
	(441, 'B.CN.1', NULL, 26),
	(442, 'B.CN.2', NULL, 26),
	(443, 'B.CN.3', NULL, 26),
	(444, 'B.KS.10', NULL, 27),
	(445, 'B.KS.11', NULL, 28),
	(446, 'B.BN.1', NULL, 29),
	(447, 'B.BN.2', NULL, 29),
	(448, 'B.BN.3', NULL, 29),
	(449, 'B.BA.1', NULL, 30),
	(450, 'B.BA.2', NULL, 30),
	(451, 'B.BA.3', NULL, 30),
	(452, 'B.BA.4', NULL, 30),
	(453, 'B.BA.5', NULL, 30),
	(454, 'B.BA.6', NULL, 30),
	(455, 'B.BA.7', NULL, 30),
	(456, 'B.BA.8', NULL, 30),
	(457, 'B.BA.9', NULL, 30),
	(458, 'B.BA.10', NULL, 30),
	(459, 'B.BA.11', NULL, 30),
	(460, 'B.BA.12', NULL, 30),
	(461, 'B.BA.13', NULL, 30),
	(462, 'B.BA.14', NULL, 30),
	(463, 'B.KS.12', NULL, 31),
	(464, 'B.SA.1', NULL, 32),
	(465, 'B.SA.2', NULL, 32),
	(466, 'B.SA.3', NULL, 32),
	(467, 'B.SA.4', NULL, 32),
	(468, 'B.SA.5', NULL, 32),
	(469, 'B.SA.6', NULL, 32),
	(470, 'B.CM.1', NULL, 33),
	(471, 'B.CM.2', NULL, 33),
	(472, 'B.CM.3', NULL, 33),
	(473, 'B.KS.13', NULL, 34),
	(474, 'B.GM.1', NULL, 35),
	(475, 'B.GM.2', NULL, 35),
	(476, 'B.GM.3', NULL, 35),
	(477, 'B.GM.4', NULL, 35),
	(478, 'B.GM.5', NULL, 35),
	(479, 'B.GA.1', NULL, 36),
	(480, 'B.GA.2', NULL, 36),
	(481, 'B.KS.14', NULL, 37),
	(482, 'B.GE.1', NULL, 38),
	(483, 'B.GE.2', NULL, 38),
	(484, 'B.GE.3', NULL, 38),
	(485, 'B.GE.4', NULL, 38),
	(486, 'B.GE.5', NULL, 38),
	(487, 'B.GE.6', NULL, 38),
	(488, 'B.GE.7', NULL, 38),
	(489, 'B.GE.8', NULL, 38),
	(490, 'B.GE.9', NULL, 38),
	(491, 'B.GE.10', NULL, 38),
	(492, 'B.GE.11', NULL, 38),
	(493, 'B.JP.1', NULL, 39),
	(494, 'B.JP.2', NULL, 39),
	(495, 'B.JP.3', NULL, 39),
	(496, 'B.JP.4', NULL, 39),
	(497, 'B.JP.5', NULL, 39),
	(498, 'B.JP.6', NULL, 39),
	(499, 'B.KR.1', NULL, 40),
	(500, 'B.KR.2', NULL, 40),
	(501, 'B.KR.3', NULL, 40),
	(502, 'B.KR.4', NULL, 40),
	(503, 'B.KR.5', NULL, 40),
	(504, 'B.KR.6', NULL, 40),
	(505, 'B.SP.1', NULL, 41),
	(506, 'B.SP.2', NULL, 41),
	(507, 'B.SP.3', NULL, 41),
	(508, 'B.SP.4', NULL, 41),
	(509, 'B.PS.1', NULL, 42),
	(510, 'B.PS.2', NULL, 42),
	(511, 'B.WK.1', NULL, 43),
	(512, 'B.WK.2', NULL, 43),
	(513, 'B.WK.3', NULL, 43),
	(514, 'B.WK.4', NULL, 43),
	(515, 'B.WK.5', NULL, 43),
	(516, 'B.WK.6', NULL, 43),
	(517, 'B.WK.7', NULL, 43),
	(518, 'B.WK.8', NULL, 43),
	(519, 'B.WK.9', NULL, 43),
	(520, 'B.WK.10', NULL, 43),
	(521, 'B.WK.11', NULL, 43),
	(522, 'B.WK.12', NULL, 43),
	(523, 'B.WK.13', NULL, 43),
	(524, 'B.WK.14', NULL, 43),
	(525, 'B.WK.15', NULL, 43),
	(526, 'B.WK.16', NULL, 43),
	(527, 'B.WK.17', NULL, 43),
	(528, 'B.WK.18', NULL, 43),
	(529, 'B.WK.19', NULL, 43),
	(530, 'B.WK.20', NULL, 43),
	(531, 'B.WK.21', NULL, 43),
	(532, 'B.WK.22', NULL, 43),
	(533, 'B.PL.1', NULL, 44),
	(534, 'B.PL.2', NULL, 44),
	(535, 'B.PL.3', NULL, 44),
	(536, 'B.PL.4', NULL, 44),
	(537, 'B.PL.5', NULL, 44),
	(538, 'B.PL.6', NULL, 44),
	(539, 'B.PL.7', NULL, 44),
	(540, 'B.PL.8', NULL, 44),
	(541, 'B.GL.1', NULL, 45),
	(542, 'B.GL.2', NULL, 45),
	(543, 'B.GL.3', NULL, 45),
	(544, 'B.GL.4', NULL, 45),
	(545, 'B.GL.5', NULL, 45),
	(546, 'B.GL.6', NULL, 45),
	(547, 'DAM', NULL, 46),
	(548, 'B.JK.1', NULL, 47),
	(549, 'B.JK.2', NULL, 47),
	(550, 'B.JK.3', NULL, 47),
	(551, 'B.JK.4', NULL, 47),
	(552, 'B.JK.5', NULL, 47),
	(553, 'B.JW.1', NULL, 49),
	(554, 'B.JW.2', NULL, 49),
	(555, 'B.JW.3', NULL, 49),
	(556, 'B.KP.1', NULL, 52),
	(557, 'B.KP.2', NULL, 52),
	(558, 'B.KP.3', NULL, 52),
	(559, 'B.KP.4', NULL, 52),
	(560, 'B.KP.5', NULL, 52),
	(561, 'B.KP.6', NULL, 52),
	(562, 'B.KP.7', NULL, 52),
	(563, 'B.GP.1', NULL, 53),
	(564, 'B.GP.2', NULL, 53),
	(565, 'B.GP.3', NULL, 53),
	(566, 'B.DB.1', NULL, 54),
	(567, 'B.DB.2', NULL, 54),
	(568, 'B.DB.3', NULL, 54),
	(569, 'B.DB.5', NULL, 54),
	(570, 'B.DB.6', NULL, 54),
	(571, 'B.GD.1', NULL, 55),
	(572, 'B.GD.2', NULL, 55),
	(573, 'B.GD.3', NULL, 55),
	(574, 'B.GD.4', NULL, 55),
	(575, 'B.GD.5', NULL, 55),
	(576, 'B.GD.6', NULL, 55),
	(577, 'B.GD.7', NULL, 55),
	(578, 'B.GD.8', NULL, 55),
	(579, 'B.GD.9', NULL, 55),
	(580, 'B.GD.10', NULL, 55),
	(581, 'B.GD.11', NULL, 55),
	(582, 'B.IM.1', NULL, 56),
	(583, 'B.IM.2', NULL, 56),
	(584, 'Catakgayam Ki', NULL, 57),
	(585, 'B.P.1', NULL, 60),
	(586, 'B.PR.1', NULL, 61),
	(587, 'B.PR.2', NULL, 61),
	(588, 'B.PR.3', NULL, 61),
	(589, 'B.PR.4', NULL, 61),
	(590, 'B.PR.5', NULL, 61),
	(591, 'B.PR.6', NULL, 61),
	(592, 'B.PR.7', NULL, 61),
	(593, 'B.PR.8', NULL, 61),
	(594, 'B.PR.9', NULL, 61),
	(595, 'B.GB.1', NULL, 62),
	(596, 'B.GB.2', NULL, 62),
	(597, 'B.GB.3', NULL, 62),
	(598, 'B.GB.4', NULL, 62),
	(599, 'B.GB.5', NULL, 62),
	(600, 'B.GB.6', NULL, 62),
	(601, 'B.GB.7', NULL, 62),
	(602, 'B.GB.8', NULL, 62),
	(603, 'B.PN.1', NULL, 64),
	(604, 'B.PN.2', NULL, 64),
	(605, 'B.PN.3', NULL, 64),
	(606, 'B.PN.4', NULL, 64),
	(607, 'B.TW.1', NULL, 65),
	(608, 'B.TW.2', NULL, 65),
	(609, 'B.TW.3', NULL, 65),
	(610, 'B.TW.4', NULL, 65),
	(611, 'B.TW.5', NULL, 65),
	(612, 'B.TW.6', NULL, 65),
	(613, 'B.TW.7', NULL, 65),
	(614, 'B.NP.1', NULL, 66),
	(615, 'B.NP.2', NULL, 66),
	(616, 'B.NP.3', NULL, 66),
	(617, 'B.NP.4', NULL, 66),
	(618, 'B.NP.5', NULL, 66),
	(619, 'B.NP.6', NULL, 66),
	(620, 'B.NP.7', NULL, 66),
	(621, 'B.NP.8', NULL, 66),
	(622, 'B.NP.9', NULL, 66),
	(623, 'B.NP.10', NULL, 66),
	(624, 'B.NP.11', NULL, 66),
	(625, 'B.NP.12', NULL, 66),
	(626, 'B.TK.1', NULL, 67),
	(627, 'B.TK.2', NULL, 67),
	(628, 'B.TK.I.1', NULL, 68),
	(629, 'B.TK.I.2', NULL, 68),
	(630, 'B.TK.I.3', NULL, 68),
	(631, 'B.TK.I.5', NULL, 68),
	(632, 'B.TK.I.6', NULL, 68),
	(633, 'B.TK.I.7', NULL, 68),
	(634, 'B.TK.I.8', NULL, 68),
	(635, 'B.TK.I.9', NULL, 68),
	(636, 'B.TK.I.10', NULL, 68),
	(637, 'B.TK.I.11', NULL, 68),
	(638, 'B.TK.II.1', NULL, 69),
	(639, 'B.TK.II.2', NULL, 69),
	(640, 'B.TK.II.3', NULL, 69),
	(641, 'B.TK.II.4', NULL, 69),
	(642, 'B.TK.II.5', NULL, 69),
	(643, 'B.TK.II.6', NULL, 69),
	(644, 'B.MT.1', NULL, 70),
	(645, 'B.MT.2', NULL, 70),
	(646, 'B.MT.3', NULL, 70),
	(647, 'B.CB', NULL, 71),
	(648, 'B.CB.1', NULL, 71),
	(649, 'B.CB.2', NULL, 71),
	(650, 'B.CB.3', NULL, 71),
	(651, 'B.CB.4', NULL, 71),
	(652, 'B.CB.5', NULL, 71),
	(653, 'B.CB.6', NULL, 71),
	(654, 'B.CB.7', NULL, 71),
	(655, 'B.CB.8', NULL, 71),
	(656, 'B.CB.9', NULL, 71),
	(657, 'B.CB.10', NULL, 71),
	(658, 'B.CB.11', NULL, 71),
	(659, 'BGT.01', 'Intake Utama', 72),
	(660, 'BGT.02', 'Pintu Pengambilan', 72),
	(661, 'DKC.01', 'Pintu Utama', 73),
	(662, 'DKC.02', 'Pembuang', 73),
	(663, 'BBS.01', 'Pintu Bagi 1', 74),
	(664, 'BBS.02', 'Pintu Bagi 2', 74),
	(665, 'DPS.01', 'Pintu Pengambilan', 75),
	(666, 'SKD.01', 'Bangunan Bagi 1', 76),
	(667, 'SKD.02', 'Bangunan Bagi 2', 76),
	(668, 'DNL.01', 'Pintu Utama', 77),
	(669, 'IBK.01', 'Intake Utama', 78),
	(670, 'DWT.01', 'Pintu Pengambilan', 79),
	(671, 'DWT.02', 'Pembuang Samping', 79),
	(672, 'SKJ.01', 'Bangunan Bagi', 80),
	(673, 'DKP.01', 'Pintu Utama', 81),
	(674, 'BBK.01', 'Pintu Bagi 1', 82),
	(675, 'BBK.02', 'Pintu Bagi 2', 82),
	(676, 'DPL.01', 'Pintu Pengambilan', 83),
	(677, 'SGP.01', 'Bangunan Bagi Utama', 84),
	(678, 'DPR.01', 'Pintu Utama', 85),
	(679, 'BPK.01', 'Intake Utama', 86),
	(680, 'SPL.01', 'Bangunan Bagi', 87),
	(681, 'DTK.01', 'Pintu Pengambilan', 88),
	(682, 'BBN.01', 'Pintu Bagi 1', 89),
	(683, 'SPG.01', 'Bangunan Bagi', 90),
	(684, 'DGR.01', 'Pintu Utama', 91);

-- Dumping data for table absen.progress: ~1 rows (approximately)
DELETE FROM `progress`;
INSERT INTO `progress` (`id`, `idUser`, `progress_1`, `progress_50`, `progress_100`, `foto`, `createdAt`, `updatedAt`) VALUES
	(6, 30, 'absen/1751438390594-862553245.jpg', 'absen/1751438410145-576392094.jpg', 'absen/1751440984159-910466285.jpg', NULL, '2025-07-02 06:39:50', '2025-07-02 07:23:04');

-- Dumping data for table absen.sequelizemeta: ~5 rows (approximately)
DELETE FROM `sequelizemeta`;
INSERT INTO `sequelizemeta` (`name`) VALUES
	('AbsenKeluar.js'),
	('AbsenMasuk.js'),
	('progress.js'),
	('Unit.js'),
	('User.js');

-- Dumping data for table absen.units: ~18 rows (approximately)
DELETE FROM `units`;
INSERT INTO `units` (`id`, `nama_unit`, `satker`, `created`, `bidang`, `createdAt`, `updatedAt`) VALUES
	(1, 'Bidang OP', 'OP', '2025-06-05 10:33:29', 'Bidang OP', '0000-00-00 00:00:00', '0000-00-00 00:00:00'),
	(2, 'SATKER OP', 'OP', '2025-06-05 10:33:29', 'Bidang OP', '0000-00-00 00:00:00', '0000-00-00 00:00:00'),
	(3, 'OP I', 'OP', '2025-06-05 10:33:29', 'Bidang OP', '0000-00-00 00:00:00', '0000-00-00 00:00:00'),
	(4, 'OP II', 'OP', '2025-06-05 10:33:29', 'Bidang OP', '0000-00-00 00:00:00', '0000-00-00 00:00:00'),
	(5, 'OP III', 'OP', '2025-06-05 10:33:29', 'Bidang OP', '0000-00-00 00:00:00', '0000-00-00 00:00:00'),
	(6, 'OP IV', 'OP', '2025-06-05 10:33:29', 'Bidang OP', '0000-00-00 00:00:00', '0000-00-00 00:00:00'),
	(7, 'OP V', 'OP', '2025-06-05 10:33:29', 'Bidang OP', '0000-00-00 00:00:00', '0000-00-00 00:00:00'),
	(8, 'PPID', 'BALAI', '2025-06-05 10:33:29', 'Kabag TU', '0000-00-00 00:00:00', '0000-00-00 00:00:00'),
	(9, 'BMN', 'BALAI', '2025-06-05 10:33:29', 'Kabag TU', '0000-00-00 00:00:00', '0000-00-00 00:00:00'),
	(10, 'TTL', 'BALAI', '2025-06-05 10:33:29', 'Kabag TU', '0000-00-00 00:00:00', '0000-00-00 00:00:00'),
	(11, 'SPM BALAI', 'BALAI', '2025-06-05 10:33:29', 'Kabag TU', '0000-00-00 00:00:00', '0000-00-00 00:00:00'),
	(12, 'SISDA', 'BALAI', '2025-06-05 10:33:29', 'Bidang KPI', '0000-00-00 00:00:00', '0000-00-00 00:00:00'),
	(13, 'KPI', 'BALAI', '2025-06-05 10:33:29', 'Bidang KPI', '0000-00-00 00:00:00', '0000-00-00 00:00:00'),
	(14, 'PROGRAM', 'BALAI', '2025-06-05 10:33:29', 'Bidang KPI', '0000-00-00 00:00:00', '0000-00-00 00:00:00'),
	(15, 'PSDA', 'BALAI', '2025-06-05 10:33:29', 'Bidang KPI', '0000-00-00 00:00:00', '0000-00-00 00:00:00'),
	(16, 'HKA', 'BALAI', '2025-06-05 10:33:29', 'Bidang OP', '0000-00-00 00:00:00', '0000-00-00 00:00:00'),
	(17, 'TKPSDA', 'BALAI', '2025-06-05 10:33:29', 'Bidang OP', '0000-00-00 00:00:00', '0000-00-00 00:00:00'),
	(18, 'REKOMTEK', 'BALAI', '2025-06-05 10:33:29', 'Bidang OP', '0000-00-00 00:00:00', '0000-00-00 00:00:00');

-- Dumping data for table absen.users: ~3 rows (approximately)
DELETE FROM `users`;
INSERT INTO `users` (`id`, `firstName`, `lastName`, `email`, `password`, `sekolah`, `alamat`, `petugas_lapangan`, `pendidikan_terakhir`, `jurusan`, `TTL`, `domisili`, `unit`, `foto`, `createdAt`, `updatedAt`) VALUES
	(30, 'Mochammad', 'Naeef', 'mochammadnayf@gmail.com', '$2b$10$ezIWAK14f1ZPurfC9ut8e.p1Y/K.Z7jhDECumznsrYOoGvLEynReq', 'muhammadllo', 'wonocolo', 0, 'Sarjana', 'Komputer', '2025-06-19', 'Surabaya', 13, 'uploads/1750316122133-156818998.jpg', '2025-06-19 06:55:22', '2025-06-19 06:55:22'),
	(31, 'dasdasdad', 'adadasd', 'aasdasdasddd@gmail.com', '$2b$10$I3Qsdc8zgdb7PC2sXbIFk.jYqBQ/6sKoJEIaQ3gvYIp..OCSj/3fG', 'adaddadad', 'dadassd', 1, 'asdadadassdas', 'asdasda', '2025-06-18', 'adasda', 11, 'uploads/1750320212359-786434937.jpg', '2025-06-19 08:03:32', '2025-06-19 08:03:32'),
	(32, 'adadsada', 'dadada', 'adada@gmail.com', '$2b$10$F1CFqwjcK1R6Jk6YQlZ3zeMVENHivQkS1SEYSBwWnufudt0zhzE6C', 'adadasd', 'dadasdasd', 1, 'sarjana', 'dasddas', '2025-07-02', 'surabaya', 6, 'uploads/1751427197070-620511367.jpg', '2025-07-02 03:33:17', '2025-07-02 03:33:17');

/*!40103 SET TIME_ZONE=IFNULL(@OLD_TIME_ZONE, 'system') */;
/*!40101 SET SQL_MODE=IFNULL(@OLD_SQL_MODE, '') */;
/*!40014 SET FOREIGN_KEY_CHECKS=IFNULL(@OLD_FOREIGN_KEY_CHECKS, 1) */;
/*!40101 SET CHARACTER_SET_CLIENT=@OLD_CHARACTER_SET_CLIENT */;
/*!40111 SET SQL_NOTES=IFNULL(@OLD_SQL_NOTES, 1) */;
